{
  "module_names": [
    {
      "branches": 38,
      "branches_missing": 25,
      "branches_partial": 9,
      "coverage": 51.851851851851855,
      "lines": [
        1,
        2,
        3,
        4,
        5,
        6,
        7,
        9,
        11,
        12,
        15,
        17,
        18,
        19,
        21,
        22,
        24,
        25,
        26,
        27,
        28,
        29,
        30,
        31,
        32,
        34,
        35,
        37,
        38,
        39,
        40,
        41,
        42,
        43,
        44,
        45,
        46,
        49,
        50,
        51,
        52,
        53,
        54,
        56,
        57,
        58,
        59,
        60,
        61,
        64,
        66,
        68,
        70,
        74,
        75,
        76,
        77,
        78,
        79,
        80,
        83,
        84,
        85,
        86,
        87,
        88,
        89,
        92,
        93,
        94,
        95,
        96,
        97,
        98,
        101,
        102,
        103,
        104,
        105,
        106,
        107,
        110,
        112,
        113,
        114,
        115,
        120,
        121,
        122,
        123,
        124,
        125,
        126,
        127,
        128,
        129,
        130,
        131,
        132,
        133,
        134,
        135,
        136,
        137,
        138,
        140,
        143,
        144
      ],
      "lines_not_covered": [
        25,
        26,
        27,
        28,
        29,
        30,
        31,
        32,
        34,
        35,
        39,
        40,
        41,
        42,
        43,
        44,
        45,
        46,
        57,
        58,
        59,
        60,
        61,
        77,
        78,
        79,
        80,
        112,
        113,
        114,
        115,
        120,
        121,
        122,
        123,
        124,
        125,
        126,
        127,
        128,
        129,
        130,
        131,
        132,
        133,
        134,
        135,
        136,
        137,
        138,
        140,
        144
      ],
      "module": "booking",
      "sum_lines": 108,
      "sum_lines_not_covered": 52
    },
    {
      "branches": 34,
      "branches_missing": 26,
      "branches_partial": 0,
      "coverage": 36.7816091954023,
      "lines": [
        1,
        2,
        3,
        5,
        7,
        8,
        11,
        12,
        13,
        14,
        16,
        17,
        18,
        19,
        21,
        22,
        23,
        24,
        25,
        26,
        27,
        28,
        29,
        32,
        33,
        34,
        36,
        37,
        38,
        39,
        40,
        42,
        43,
        44,
        45,
        46,
        48,
        49,
        50,
        51,
        52,
        53,
        54,
        55,
        56,
        59,
        60,
        61,
        62,
        63,
        64,
        67,
        70,
        71,
        72,
        73,
        74,
        76,
        78,
        81,
        82,
        83,
        84,
        85,
        86,
        87,
        88,
        89,
        90,
        91,
        92,
        93,
        94,
        95,
        98,
        99,
        100,
        101,
        102,
        103,
        104,
        105,
        106,
        107,
        109,
        110,
        111
      ],
      "lines_not_covered": [
        22,
        23,
        24,
        25,
        26,
        27,
        28,
        29,
        33,
        34,
        37,
        38,
        39,
        40,
        43,
        44,
        45,
        46,
        49,
        50,
        51,
        52,
        53,
        54,
        55,
        56,
        72,
        73,
        74,
        76,
        83,
        84,
        85,
        86,
        87,
        88,
        89,
        90,
        91,
        92,
        93,
        94,
        95,
        99,
        100,
        101,
        102,
        103,
        104,
        105,
        106,
        107,
        109,
        110,
        111
      ],
      "module": "booking_dishes",
      "sum_lines": 87,
      "sum_lines_not_covered": 55
    },
    {
      "branches": 8,
      "branches_missing": 0,
      "branches_partial": 0,
      "coverage": 91.66666666666667,
      "lines": [
        2,
        3,
        4,
        7,
        8,
        9,
        12,
        13,
        14,
        17,
        18,
        19
      ],
      "lines_not_covered": [
        4
      ],
      "module": "booking_errors",
      "sum_lines": 12,
      "sum_lines_not_covered": 1
    },
    {
      "branches": 22,
      "branches_missing": 20,
      "branches_partial": 0,
      "coverage": 10.9375,
      "lines": [
        1,
        2,
        5,
        6,
        7,
        8,
        9,
        11,
        13,
        14,
        15,
        16,
        17,
        18,
        19,
        20,
        21,
        22,
        23,
        25,
        26,
        28,
        29,
        30,
        31,
        33,
        34,
        35,
        36,
        38,
        40,
        41,
        42,
        43,
        45,
        46,
        47,
        48,
        49,
        51,
        52,
        53,
        55,
        57,
        58,
        59,
        60,
        61,
        62,
        63,
        64,
        65,
        67,
        68,
        69,
        70,
        71,
        72,
        74,
        75,
        76,
        77,
        78,
        81
      ],
      "lines_not_covered": [
        7,
        8,
        9,
        13,
        14,
        15,
        16,
        17,
        18,
        19,
        20,
        21,
        22,
        23,
        25,
        26,
        29,
        30,
        31,
        33,
        34,
        35,
        36,
        38,
        40,
        41,
        42,
        43,
        45,
        46,
        47,
        48,
        49,
        51,
        52,
        53,
        57,
        58,
        59,
        60,
        61,
        62,
        63,
        64,
        65,
        67,
        68,
        69,
        70,
        71,
        72,
        74,
        75,
        76,
        77,
        78,
        81
      ],
      "module": "booking_users",
      "sum_lines": 64,
      "sum_lines_not_covered": 57
    },
    {
      "branches": 0,
      "branches_missing": 0,
      "branches_partial": 0,
      "coverage": 100.0,
      "lines": [
        1,
        2,
        3,
        4,
        5,
        6,
        7,
        8
      ],
      "lines_not_covered": [],
      "module": "constants",
      "sum_lines": 8,
      "sum_lines_not_covered": 0
    },
    {
      "branches": 0,
      "branches_missing": 0,
      "branches_partial": 0,
      "coverage": 100,
      "lines": [],
      "lines_not_covered": [],
      "module": "",
      "sum_lines": 0,
      "sum_lines_not_covered": 0
    }
  ],
  "overall_branch_coverage": 30.392156862745097,
  "overall_branch_partial_coverage": 91.17647058823529,
  "overall_coverage": 40.86021505376344
}